{"stats":{"minecraft:picked_up":{"minecraft:birch_log":1,"minecraft:porkchop":2},"minecraft:custom":{"minecraft:time_since_rest":5111,"minecraft:damage_dealt":100,"minecraft:leave_game":1,"minecraft:sprint_one_cm":6585,"minecraft:play_time":5111,"minecraft:damage_taken":40,"minecraft:time_since_death":5111,"minecraft:walk_one_cm":6403,"minecraft:total_world_time":5111,"minecraft:mob_kills":1,"minecraft:fall_one_cm":2294,"minecraft:fly_one_cm":8129,"minecraft:jump":61},"minecraft:used":{"minecraft:birch_log":1},"minecraft:killed":{"minecraft:pig":1},"minecraft:mined":{"minecraft:birch_log":1,"minecraft:birch_leaves":2,"minecraft:oak_leaves":1}},"DataVersion":3465}